{
  "k": 4,
  "silhouette": 0.4039582785148566,
  "mae": 8.952245833333333,
  "rmse": 12.885568417864462,
  "r2": 0.6633730568253465
}